<?xml version="1.0" encoding="UTF-8"?>
<feature
      id="org.eclipse.mat.ui.rcp.feature"
      label="%featureName"
      version="1.11.0.202012021418"
      provider-name="%providerName"
      plugin="org.eclipse.mat.ui.rcp">

   <description>
      %description
   </description>

   <copyright>
      %copyright
   </copyright>

   <license url="%licenseURL">
      %license
   </license>

   <url>
      <update label="%updateSiteName" url="http://download.eclipse.org/mat/latest/update-site/"/>
   </url>

   <requires>
      <import plugin="org.eclipse.platform" version="0.0.0" match="greaterOrEqual"/>
      <import plugin="org.eclipse.ui.intro" version="3.2.100" match="greaterOrEqual"/>
      <import plugin="org.eclipse.core.runtime" version="3.3.100" match="greaterOrEqual"/>
      <import plugin="org.eclipse.ui" version="3.3.0" match="greaterOrEqual"/>
      <import plugin="org.eclipse.ui.views.log" version="1.0.0" match="greaterOrEqual"/>
      <import plugin="org.eclipse.ui.net" version="0.0.0" match="greaterOrEqual"/>
      <import plugin="org.eclipse.core.resources" version="3.3.0" match="greaterOrEqual"/>
      <import plugin="org.eclipse.core.filesystem" version="1.1.0" match="greaterOrEqual"/>
      <import plugin="org.eclipse.ui.ide" version="3.3.0" match="greaterOrEqual"/>
      <import plugin="org.eclipse.ui.cheatsheets" version="3.3.0" match="greaterOrEqual"/>
      <import plugin="org.eclipse.ui.forms" version="3.3.0" match="greaterOrEqual"/>
      <import plugin="org.eclipse.help.base" version="3.3.0" match="greaterOrEqual"/>
      <import plugin="org.eclipse.birt.chart.engine" version="2.3.0" match="greaterOrEqual"/>
      <import plugin="org.eclipse.birt.chart.device.extension" version="2.3.0" match="greaterOrEqual"/>
      <import plugin="org.eclipse.birt.chart.device.swt" version="2.3.0" match="greaterOrEqual"/>
      <import plugin="org.eclipse.birt.chart.engine.extension" version="2.3.0" match="greaterOrEqual"/>
      <import plugin="org.eclipse.birt.core" version="2.3.0" match="greaterOrEqual"/>
   </requires>

   <plugin
         id="org.eclipse.mat.ui.rcp"
         download-size="116"
         install-size="182"
         version="1.11.0.202012021418"
         unpack="false"/>
         
   <plugin
         id="org.eclipse.mat.report"
         download-size="366"
         install-size="714"
         version="1.11.0.202012021418"
         unpack="false"/>

   <plugin
         id="org.eclipse.mat.api"
         download-size="959"
         install-size="2012"
         version="1.11.0.202012021418"
         unpack="false"/>

   <plugin
         id="org.eclipse.mat.hprof"
         download-size="180"
         install-size="352"
         version="1.11.0.202012021418"
         unpack="false"/>

   <plugin
         id="org.eclipse.mat.parser"
         download-size="434"
         install-size="904"
         version="1.11.0.202012021418"
         unpack="false"/>

   <plugin
         id="org.eclipse.mat.ui"
         download-size="933"
         install-size="1931"
         version="1.11.0.202012021418"
         unpack="false"/>

   <plugin
         id="org.eclipse.mat.ui.help"
         download-size="8513"
         install-size="35972"
         version="1.11.0.202012021418"
         unpack="false"/>

   <plugin
         id="org.eclipse.mat.dtfj"
         download-size="134"
         install-size="292"
         version="1.11.0.202012021418"
         unpack="false"/>

   <plugin
         id="org.eclipse.mat.ibmdumps"
         download-size="68"
         install-size="128"
         version="1.11.0.202012021418"
         unpack="false"/>

   <plugin
         id="org.eclipse.mat.jruby.resolver"
         download-size="22"
         install-size="37"
         version="1.11.0.202012021418"
         unpack="false"/>
         
   <plugin
         id="org.eclipse.mat.chart"
         download-size="31"
         install-size="55"
         version="1.11.0.202012021418"
         unpack="false"/>

   <plugin
         id="org.eclipse.mat.chart.ui"
         download-size="28"
         install-size="50"
         version="1.11.0.202012021418"
         unpack="false"/>

</feature>
