<?xml version="1.0" encoding="UTF-8"?>
<config date="1655373616840" transient="false">
	<site updateable="true" url="platform:/base/" enabled="true" policy="USER-EXCLUDE">
		<feature id="org.eclipse.ecf.filetransfer.httpclient45.feature" version="1.0.703.v20210512-0614" url="features/org.eclipse.ecf.filetransfer.httpclient45.feature_1.0.703.v20210512-0614/">
		</feature>
		<feature id="org.eclipse.emf.ecore" version="2.26.0.v20210924-1718" url="features/org.eclipse.emf.ecore_2.26.0.v20210924-1718/">
		</feature>
		<feature id="org.eclipse.e4.rcp" version="4.22.0.v20211123-0851" url="features/org.eclipse.e4.rcp_4.22.0.v20211123-0851/">
		</feature>
		<feature id="org.eclipse.equinox.p2.core.feature" version="1.6.1200.v20211104-1616" url="features/org.eclipse.equinox.p2.core.feature_1.6.1200.v20211104-1616/">
		</feature>
		<feature id="org.eclipse.ecf.filetransfer.feature" version="3.14.1800.v20210618-0642" url="features/org.eclipse.ecf.filetransfer.feature_3.14.1800.v20210618-0642/">
		</feature>
		<feature id="org.eclipse.equinox.p2.rcp.feature" version="1.4.1400.v20211104-1616" url="features/org.eclipse.equinox.p2.rcp.feature_1.4.1400.v20211104-1616/">
		</feature>
		<feature id="org.eclipse.ecf.core.ssl.feature" version="1.1.501.v20210409-2301" url="features/org.eclipse.ecf.core.ssl.feature_1.1.501.v20210409-2301/">
		</feature>
		<feature id="org.eclipse.mat.ui.rcp.feature" version="1.13.0.202206151457" url="features/org.eclipse.mat.ui.rcp.feature_1.13.0.202206151457/" plugin-identifier="org.eclipse.mat.ui.rcp">
		</feature>
		<feature id="org.eclipse.rcp" version="4.22.0.v20211124-1800" url="features/org.eclipse.rcp_4.22.0.v20211124-1800/">
		</feature>
		<feature id="org.eclipse.ecf.core.feature" version="1.5.702.v20210409-2301" url="features/org.eclipse.ecf.core.feature_1.5.702.v20210409-2301/">
		</feature>
		<feature id="org.eclipse.emf.common" version="2.24.0.v20210924-1718" url="features/org.eclipse.emf.common_2.24.0.v20210924-1718/">
		</feature>
		<feature id="org.eclipse.ecf.filetransfer.ssl.feature" version="1.1.401.v20210409-2301" url="features/org.eclipse.ecf.filetransfer.ssl.feature_1.1.401.v20210409-2301/">
		</feature>
		<feature id="org.eclipse.equinox.p2.extras.feature" version="1.4.1400.v20211104-1616" url="features/org.eclipse.equinox.p2.extras.feature_1.4.1400.v20211104-1616/">
		</feature>
		<feature id="org.eclipse.help" version="2.3.800.v20211124-1800" url="features/org.eclipse.help_2.3.800.v20211124-1800/" plugin-identifier="org.eclipse.help.base">
		</feature>
		<feature id="org.eclipse.equinox.p2.user.ui" version="2.4.1400.v20211104-1616" url="features/org.eclipse.equinox.p2.user.ui_2.4.1400.v20211104-1616/">
		</feature>
	</site>
</config>
